{"T": 0.29175576511265927, "A": 0.2910013125072533, "C": 0.2084989239807746, "G": 0.20874399839931282}